都道府県名,市区町村名,フィーチャID,形状(WKT),タイトル,説明,スタイルID,期間開始日時,期間終了日時,作成者,作成日時,更新者,更新日時
愛知県,岩倉市,1,POINT(136.877902577126 35.2770385252366),五条川（岩倉市下本町）,,#style1,,,システム管理者,2015/01/26 16:32:52,システム管理者,
愛知県,岩倉市,2,POINT(136.877194289818 35.2752880610942),岩倉城址,,#style2,,,システム管理者,2015/01/26 16:32:52,システム管理者,
愛知県,岩倉市,3,POINT(136.850188206196 35.2747697156242),自然生態園,,#style3,,,システム管理者,2015/01/26 16:32:52,システム管理者,
愛知県,豊明市,1,POINT(136.980683704243 35.0597841557568),桶狭間古戦場,,#style3,,,システム管理者,2015/01/26 16:32:52,システム管理者,
愛知県,豊明市,2,POINT(137.021970046415 35.0607779514512),青木地蔵　楠木,,#style1,,,システム管理者,2015/01/26 16:32:52,システム管理者,
愛知県,豊明市,3,POINT(137.021714301084 35.0690080030209),沓掛城址,,#style2,,,システム管理者,2015/01/26 16:32:52,システム管理者,
愛知県,大口町,1,POINT(136.915675505377 35.3367520494006),五条川（大口町）,,#style1,,,システム管理者,2015/01/26 16:32:55,システム管理者,
愛知県,東海市,1,POINT(136.902574713542 35.0275741843895),大池公園,,#style4,,,システム管理者,2015/01/26 16:32:50,システム管理者,
愛知県,東海市,2,POINT(136.896031140352 35.0245578850465),大宮神社,,#style2,,,システム管理者,2015/01/26 16:32:50,システム管理者,
愛知県,東海市,3,POINT(136.894620263281 35.0468659845234),東海市東海町,,#style3,,,システム管理者,2015/01/26 16:32:50,システム管理者,
愛知県,東海市,4,POINT(136.904462311013 35.0439038096188),聚楽園大仏,,#style1,,,システム管理者,2015/01/26 16:32:50,システム管理者,
愛知県,武豊町,1,POINT(136.895924812579 34.8703688611031),壱町田湿地,,#style1,,,システム管理者,2015/01/26 16:32:58,システム管理者,
愛知県,愛西市,1,POINT(136.682116343429 35.1455610130739),木曽川（立田大橋）,,#style3,,,システム管理者,2015/01/26 16:32:53,システム管理者,
愛知県,愛西市,2,POINT(136.680287320901 35.1320140281307),船頭平閘門,,#style2,,,システム管理者,2015/01/26 16:32:53,システム管理者,
愛知県,愛西市,3,POINT(136.723323946906 35.13997659505),西條八幡社,,#style1,,,システム管理者,2015/01/26 16:32:53,システム管理者,
愛知県,愛西市,4,POINT(136.696668400319 35.1437343170629),森川花はす田,,#style4,,,システム管理者,2015/01/26 16:32:53,システム管理者,
愛知県,北名古屋市,1,POINT(136.861645753682 35.2562026491401),アートエリアロード,,#style1,,,システム管理者,2015/01/26 16:32:53,システム管理者,
愛知県,一色町,1,POINT(137.02287145336 34.8084991884064),諏訪神社,,#style3,,,システム管理者,2015/01/26 16:32:58,システム管理者,
愛知県,一色町,2,POINT(137.046511667266 34.794389268062),矢作古川西堤防,,#style6,,,システム管理者,2015/01/26 16:32:58,システム管理者,
愛知県,一色町,3,POINT(137.049334382235 34.7843763096784),矢作古川,,#style7,,,システム管理者,2015/01/26 16:32:58,システム管理者,
愛知県,一色町,4,POINT(137.035015689588 34.7253037986513),黒壁（一色町佐久島）,,#style2,,,システム管理者,2015/01/26 16:32:58,システム管理者,
愛知県,一色町,5,POINT(137.044604262839 34.7167493972628),大島,,#style9,,,システム管理者,2015/01/26 16:32:58,システム管理者,
愛知県,一色町,6,POINT(137.034053692602 34.7260059357919),佐久島西港,,#style5,,,システム管理者,2015/01/26 16:32:58,システム管理者,
愛知県,一色町,7,POINT(137.047304482513 34.7143179815843),筒島（弁天島）,,#style4,,,システム管理者,2015/01/26 16:32:58,システム管理者,
愛知県,一色町,8,POINT(137.008838291668 34.7965278839648),一色町小薮,,#style1,,,システム管理者,2015/01/26 16:32:58,システム管理者,
愛知県,一色町,9,POINT(137.048734161759 34.7223789158523),八劔神社,,#style8,,,システム管理者,2015/01/26 16:32:58,システム管理者,
愛知県,高浜市,1,POINT(136.985445543903 34.9338556502997),大山緑地,,#style2,,,システム管理者,2015/01/26 16:32:51,システム管理者,
愛知県,高浜市,2,POINT(136.981747603019 34.9232035686399),高浜市やきものの里かわら美術館,,#style4,,,システム管理者,2015/01/26 16:32:51,システム管理者,
愛知県,高浜市,3,POINT(136.986698784589 34.9213900054924),土管坂（高浜市青木町）,,#style5,,,システム管理者,2015/01/26 16:32:51,システム管理者,
愛知県,高浜市,4,POINT(136.985417244988 34.9417435694865),ドラゴンパーク（たかびれ公園）,,#style1,,,システム管理者,2015/01/26 16:32:51,システム管理者,
愛知県,高浜市,5,POINT(136.989339092278 34.9456257234711),人形小路,,#style7,,,システム管理者,2015/01/26 16:32:51,システム管理者,
愛知県,高浜市,6,POINT(136.994754805153 34.9263778585462),稗田川,,#style3,,,システム管理者,2015/01/26 16:32:51,システム管理者,
愛知県,高浜市,7,POINT(136.9819215535 34.9237266935861),森前公園,,#style6,,,システム管理者,2015/01/26 16:32:51,システム管理者,
愛知県,常滑市,1,POINT(136.823243042837 34.8856277645234),常滑市りんくう町,,#style8,,,システム管理者,2015/01/26 16:32:48,システム管理者,
愛知県,常滑市,2,POINT(136.823992221789 34.8975384837294),鬼崎沖,,#style9,,,システム管理者,2015/01/26 16:32:48,システム管理者,
愛知県,常滑市,3,POINT(136.839754294029 34.8905052457752),やきもの散歩道（陶磁器会館）,,#style6,,,システム管理者,2015/01/26 16:32:48,システム管理者,
愛知県,常滑市,4,POINT(136.868122421521 34.8242916252274),小脇公園,,#style2,,,システム管理者,2015/01/26 16:32:48,システム管理者,
愛知県,常滑市,5,POINT(136.857441405195 34.8624070870294),常滑市熊野町,,#style7,,,システム管理者,2015/01/26 16:32:48,システム管理者,
愛知県,常滑市,6,POINT(136.874270883961 34.8755293219237),本宮山,,#style1,,,システム管理者,2015/01/26 16:32:48,システム管理者,
愛知県,常滑市,7,POINT(136.839152234443 34.8905847588417),招き猫,,#style5,,,システム管理者,2015/01/26 16:32:48,システム管理者,
愛知県,常滑市,8,POINT(136.865878444709 34.9331947800839),矢田八幡神社,,#style4,,,システム管理者,2015/01/26 16:32:48,システム管理者,
愛知県,名古屋市,1,POINT(136.882312767278 35.2103158448448),庄内緑地公園,,#style7,,,システム管理者,2015/01/26 16:32:43,システム管理者,
愛知県,名古屋市,2,POINT(136.920657162411 35.1553937396485),鶴舞公園,,#style8,,,システム管理者,2015/01/26 16:32:43,システム管理者,
愛知県,名古屋市,3,POINT(136.954723744802 35.0635187038039),大高緑地,,#style12,,,システム管理者,2015/01/26 16:32:43,システム管理者,
愛知県,名古屋市,4,POINT(136.897198007788 35.1729671011738),桜通,"&lt;img src=&quot;http://cbk0.google.com/cbk?output=thumbnail&amp;amp;w=90&amp;amp;h=68&amp;amp;ll=35.173895,136.911670&quot;&gt;",#style4,,,システム管理者,2015/01/26 16:32:43,システム管理者,
愛知県,名古屋市,5,POINT(136.948379385227 35.1403025070372),昭和美術館,,#style11,,,システム管理者,2015/01/26 16:32:43,システム管理者,
愛知県,名古屋市,6,POINT(136.91874862516 35.1802787667035),白壁・主税・橦木町並み保存地区,&lt;a href=&quot;http://www.google.co.jp/maps/place?ftid=0x600371271f4ae06f:0x76cc735fd2a09960&amp;amp;q=%E6%A9%A6%E6%9C%A8%E7%94%BA&amp;amp;hl=ja&amp;amp;cad=src:ppiwlink&amp;amp;ei=pv1LS-uvJZDooATC8c2vDw&amp;amp;dtab=5&quot;&gt;&lt;img src=&quot;http://,#style2,,,システム管理者,2015/01/26 16:32:43,システム管理者,
愛知県,名古屋市,7,POINT(136.948239998643 35.1678234769033),爲三郎記念館,,#style9,,,システム管理者,2015/01/26 16:32:43,システム管理者,
愛知県,名古屋市,8,POINT(136.906403823417 35.1814788331958),名古屋市役所,,#style5,,,システム管理者,2015/01/26 16:32:43,システム管理者,
愛知県,名古屋市,9,POINT(136.899088948746 35.1855644597128),名古屋城天守閣,,#style13,,,システム管理者,2015/01/26 16:32:43,システム管理者,
愛知県,名古屋市,10,POINT(136.968002366498 35.153362216165),名古屋大学 豊田講堂,,#style3,,,システム管理者,2015/01/26 16:32:43,システム管理者,
愛知県,名古屋市,11,POINT(136.908343220679 35.1723333267936),名古屋テレビ塔,,#style10,,,システム管理者,2015/01/26 16:32:43,システム管理者,
愛知県,名古屋市,12,POINT(136.957003183878 35.1410388946834),隼人池公園,&lt;br&gt;,#style1,,,システム管理者,2015/01/26 16:32:43,システム管理者,
愛知県,名古屋市,13,POINT(136.881573351547 35.179890479954),ノリタケの森,,#style6,,,システム管理者,2015/01/26 16:32:43,システム管理者,
愛知県,名古屋市,14,POINT(136.985459112289 35.160988793561),星が丘テラス,,#style15,,,システム管理者,2015/01/26 16:32:43,システム管理者,
愛知県,名古屋市,15,POINT(136.891737424041 35.167708422482),納屋橋,,#style14,,,システム管理者,2015/01/26 16:32:43,システム管理者,
愛知県,名古屋市,16,POINT(136.804978726407 35.1257885959017),中川区富永,,#style16,,,システム管理者,2015/01/26 16:32:43,システム管理者,
愛知県,豊田市,1,POINT(137.317411113619 35.1360513356966),中馬街道,,#style17,,,システム管理者,2015/01/26 16:32:47,システム管理者,
愛知県,豊田市,2,POINT(137.315566289354 35.135359498044),足助川,,#style5,,,システム管理者,2015/01/26 16:32:47,システム管理者,
愛知県,豊田市,3,POINT(137.499842183178 35.2129497406525),豊田市桑原町,,#style13,,,システム管理者,2015/01/26 16:32:47,システム管理者,
愛知県,豊田市,4,POINT(137.313252826637 35.1303231970406),香嵐渓,,#style12,,,システム管理者,2015/01/26 16:32:47,システム管理者,
愛知県,豊田市,5,POINT(137.170954649616 35.0845365887964),豊田スタジアム,,#style8,,,システム管理者,2015/01/26 16:32:47,システム管理者,
愛知県,豊田市,6,POINT(137.16757691928 35.085960969454),豊田大橋,,#style6,,,システム管理者,2015/01/26 16:32:47,システム管理者,
愛知県,豊田市,7,POINT(137.424022549444 35.2240961290398),奥矢作湖,,#style20,,,システム管理者,2015/01/26 16:32:47,システム管理者,
愛知県,豊田市,8,POINT(137.189113595814 35.1175369846713),平戸橋,,#style23,,,システム管理者,2015/01/26 16:32:47,システム管理者,
愛知県,豊田市,9,POINT(137.17388980395 35.040004110808),豊田アローズブリッジ（矢作川橋）,,#style15,,,システム管理者,2015/01/26 16:32:47,システム管理者,
愛知県,豊田市,10,POINT(137.192615500679 35.1587867753803),愛知県緑化センター,,#style19,,,システム管理者,2015/01/26 16:32:47,システム管理者,
愛知県,豊田市,11,POINT(137.312678010256 35.1341009786833),巴橋,,#style16,,,システム管理者,2015/01/26 16:32:47,システム管理者,
愛知県,豊田市,12,POINT(137.509765862662 35.2141930508863),瑞龍寺,,#style11,,,システム管理者,2015/01/26 16:32:47,システム管理者,
愛知県,豊田市,13,POINT(137.288135714926 35.2334403183697),四季桜公園,,#style21,,,システム管理者,2015/01/26 16:32:47,システム管理者,
愛知県,豊田市,14,POINT(137.161457163261 35.0895216301591),児ノ口公園,,#style18,,,システム管理者,2015/01/26 16:32:47,システム管理者,
愛知県,豊田市,15,POINT(137.218098670082 35.0990482758234),鞍ヶ池公園,,#style7,,,システム管理者,2015/01/26 16:32:47,システム管理者,
愛知県,豊田市,16,POINT(137.156346717171 35.086735789999),駅前ロータリー,,#style9,,,システム管理者,2015/01/26 16:32:47,システム管理者,
愛知県,豊田市,17,POINT(137.160415584482 35.0853027453202),桜町本通り商店街,,#style1,,,システム管理者,2015/01/26 16:32:47,システム管理者,
愛知県,豊田市,18,POINT(137.153869745742 35.0766752441642),樹木町のまちなみ,,#style10,,,システム管理者,2015/01/26 16:32:47,システム管理者,
愛知県,豊田市,19,POINT(137.191938009081 35.1686848308052),全トヨタ労連研修センターつどいの丘,,#style22,,,システム管理者,2015/01/26 16:32:47,システム管理者,
愛知県,豊田市,20,POINT(137.151796585805 35.0802628261587),豊田市美術館,,#style3,,,システム管理者,2015/01/26 16:32:47,システム管理者,
愛知県,豊田市,21,POINT(137.156482545997 35.0527326083734),豊田市トヨタ町,,#style4,,,システム管理者,2015/01/26 16:32:47,システム管理者,
愛知県,豊田市,22,POINT(137.248675995437 35.1942517674822),ふじの回廊,,#style14,,,システム管理者,2015/01/26 16:32:47,システム管理者,
愛知県,豊田市,23,POINT(137.15578754009 35.0856810320124),緑陰歩道,,#style2,,,システム管理者,2015/01/26 16:32:47,システム管理者,
愛知県,碧南市,1,POINT(136.977475362963 34.8722900150121),大浜漁港,,#style26,,,システム管理者,2015/01/26 16:32:46,システム管理者,
愛知県,碧南市,2,POINT(136.974031966399 34.86196252983),大浜熊野大神社,,#style22,,,システム管理者,2015/01/26 16:32:46,システム管理者,
愛知県,碧南市,3,POINT(136.980605469076 34.8715285776223),旧大浜警察署,,#style18,,,システム管理者,2015/01/26 16:32:46,システム管理者,
愛知県,碧南市,4,POINT(136.980973195556 34.8733862110602),大浜（浜寺町）,,#style27,,,システム管理者,2015/01/26 16:32:46,システム管理者,
愛知県,碧南市,5,POINT(136.974367689582 34.8445912785061),堤の松並木,,#style20,,,システム管理者,2015/01/26 16:32:46,システム管理者,
愛知県,碧南市,6,POINT(136.980092041448 34.8712302988488),大浜地区の小径,,#style29,,,システム管理者,2015/01/26 16:32:46,システム管理者,
愛知県,碧南市,7,POINT(136.981962684112 34.8711430056536),堀川,,#style19,,,システム管理者,2015/01/26 16:32:46,システム管理者,
愛知県,碧南市,8,POINT(136.983199994838 34.885334333127),旧新須磨海岸,,#style13,,,システム管理者,2015/01/26 16:32:46,システム管理者,
愛知県,碧南市,9,POINT(136.972904628848 34.8623123208495),玉津浦海水浴場,,#style12,,,システム管理者,2015/01/26 16:32:46,システム管理者,
愛知県,碧南市,10,POINT(136.98481813695 34.8907547112742),碧緑地,,#style24,,,システム管理者,2015/01/26 16:32:46,システム管理者,
愛知県,碧南市,11,POINT(136.993669236015 34.8594588556843),矢作川河口,,#style6,,,システム管理者,2015/01/26 16:32:46,システム管理者,
愛知県,碧南市,12,POINT(136.981507509494 34.879012325855),碧南市臨海公園,,#style17,,,システム管理者,2015/01/26 16:32:46,システム管理者,
愛知県,碧南市,13,POINT(137.024143621306 34.8821258333738),矢作川桜堤み,,#style10,,,システム管理者,2015/01/26 16:32:46,システム管理者,
愛知県,碧南市,14,POINT(137.012140772685 34.9065415001033),油が淵,,#style3,,,システム管理者,2015/01/26 16:32:46,システム管理者,
愛知県,碧南市,15,POINT(136.987790737105 34.8720892696717),乳母道,,#style16,,,システム管理者,2015/01/26 16:32:46,システム管理者,
愛知県,碧南市,16,POINT(136.985484489842 34.9011949316608),衣浦温泉,,#style23,,,システム管理者,2015/01/26 16:32:46,システム管理者,
愛知県,碧南市,17,POINT(136.976854046842 34.8570628467164),蜆川一ツ橋,,#style1,,,システム管理者,2015/01/26 16:32:46,システム管理者,
愛知県,碧南市,18,POINT(136.989517868758 34.8981087764292),新川小学校,,#style7,,,システム管理者,2015/01/26 16:32:46,システム管理者,
愛知県,碧南市,19,POINT(136.996778328848 34.8951893061095),新川沿い遊歩道,,#style15,,,システム管理者,2015/01/26 16:32:46,システム管理者,
愛知県,碧南市,20,POINT(136.989745673829 34.8939262058378),名鉄三河線鉄橋,,#style28,,,システム管理者,2015/01/26 16:32:46,システム管理者,
愛知県,碧南市,21,POINT(136.993455819492 34.867355626062),棚尾地区,,#style31,,,システム管理者,2015/01/26 16:32:46,システム管理者,
愛知県,碧南市,22,POINT(137.013911581119 34.889866217313),広藤園,,#style8,,,システム管理者,2015/01/26 16:32:46,システム管理者,
愛知県,碧南市,23,POINT(136.984055460644 34.8497357134728),碧南市稲荷町,,#style2,,,システム管理者,2015/01/26 16:32:46,システム管理者,
愛知県,碧南市,24,POINT(136.993588085621 34.9033973536029),碧南市芸術文化ホール,,#style14,,,システム管理者,2015/01/26 16:32:46,システム管理者,
愛知県,碧南市,25,POINT(137.000516911563 34.8860083051929),中山町地蔵通り,,#style11,,,システム管理者,2015/01/26 16:32:46,システム管理者,
愛知県,碧南市,26,POINT(136.967713675588 34.8742036244054),ボードウォーク,,#style4,,,システム管理者,2015/01/26 16:32:46,システム管理者,
愛知県,碧南市,27,POINT(137.009418585654 34.9109102157794),哲学たいけん村無我苑,,#style21,,,システム管理者,2015/01/26 16:32:46,システム管理者,
愛知県,碧南市,28,POINT(136.998127491799 34.8774679073627),八重酒造味淋,,#style9,,,システム管理者,2015/01/26 16:32:46,システム管理者,
愛知県,碧南市,29,POINT(136.997831823074 34.8776207505304),碧南市東浦町,,#style30,,,システム管理者,2015/01/26 16:32:46,システム管理者,
愛知県,碧南市,30,POINT(137.011242812251 34.8952627502797),緑のトンネル,,#style5,,,システム管理者,2015/01/26 16:32:46,システム管理者,
愛知県,碧南市,31,POINT(137.012268392459 34.9085159171325),西端旧集落,,#style25,,,システム管理者,2015/01/26 16:32:46,システム管理者,
愛知県,安城市,1,POINT(137.087048709341 34.9598462397386),安城七夕まつり,,#style2,,,システム管理者,2015/01/26 16:32:47,システム管理者,
愛知県,安城市,2,POINT(137.077771750955 34.9822054623278),作野四季の道,,#style3,,,システム管理者,2015/01/26 16:32:47,システム管理者,
愛知県,安城市,3,POINT(137.046328486548 34.9202737272714),丈山苑,,#style1,,,システム管理者,2015/01/26 16:32:47,システム管理者,
愛知県,安城市,4,POINT(137.059886353352 34.9308427763739),安城産業文化公園デンパーク,,#style4,,,システム管理者,2015/01/26 16:32:47,システム管理者,
愛知県,東浦町,1,POINT(136.962523657628 34.9779015827424),於大公園,,#style1,,,システム管理者,2015/01/26 16:32:57,システム管理者,
愛知県,知多市,1,POINT(136.865420415653 34.9656468108322),知多市岡田,,#style3,,,システム管理者,2015/01/26 16:32:50,システム管理者,
愛知県,知多市,2,POINT(136.865901718968 34.9657922396332),知多市岡田西島,,#style1,,,システム管理者,2015/01/26 16:32:50,システム管理者,
愛知県,知多市,3,POINT(136.867689730521 34.964958283161),知多岡田簡易局,,#style2,,,システム管理者,2015/01/26 16:32:50,システム管理者,
愛知県,大府市,1,POINT(136.95054835044 35.008702201273),石ヶ瀬川（大府市）,,#style9,,,システム管理者,2015/01/26 16:32:50,システム管理者,
愛知県,大府市,2,POINT(136.927675581943 35.007153867573),吉川熊野神社,,#style10,,,システム管理者,2015/01/26 16:32:50,システム管理者,
愛知県,大府市,3,POINT(136.960377896139 35.0080972899162),大府駅　西口,,#style4,,,システム管理者,2015/01/26 16:32:50,システム管理者,
愛知県,大府市,4,POINT(136.928301684247 35.0103823599198),神様池,,#style11,,,システム管理者,2015/01/26 16:32:50,システム管理者,
愛知県,大府市,5,POINT(136.94880951851 34.9992066055571),あいち健康の森公園,,#style6,,,システム管理者,2015/01/26 16:32:50,システム管理者,
愛知県,大府市,6,POINT(136.94188951143 34.9978417826676),大府市半月町,,#style3,,,システム管理者,2015/01/26 16:32:50,システム管理者,
愛知県,大府市,7,POINT(136.965525971771 35.0131721918383),大倉公園,,#style7,,,システム管理者,2015/01/26 16:32:50,システム管理者,
愛知県,大府市,8,POINT(136.942702295957 35.0292234287561),長草天神社,,#style2,,,システム管理者,2015/01/26 16:32:50,システム管理者,
愛知県,大府市,9,POINT(136.983609196494 35.0163289120348),藤井神社,,#style12,,,システム管理者,2015/01/26 16:32:50,システム管理者,
愛知県,大府市,10,POINT(136.965684484159 35.0155613487725),桃山公園,,#style8,,,システム管理者,2015/01/26 16:32:50,システム管理者,
愛知県,大府市,11,POINT(136.973940569694 35.0273929935057),二ツ池公園,,#style1,,,システム管理者,2015/01/26 16:32:50,システム管理者,
愛知県,大府市,12,POINT(136.937958225257 35.001205942369),七社神社,,#style5,,,システム管理者,2015/01/26 16:32:50,システム管理者,
愛知県,設楽町,1,POINT(137.479258963601 35.1184341029329),段戸裏谷原生林きららの森,,#style1,,,システム管理者,2015/01/26 16:33:00,システム管理者,
愛知県,設楽町,2,POINT(137.564987531389 35.1116291749615),しだれ桃の里,,#style2,,,システム管理者,2015/01/26 16:33:00,システム管理者,
愛知県,あま市,1,POINT(136.799377889721 35.178199775722),八幡神社　らかんまき,,#style2,,,システム管理者,2015/01/26 16:32:54,システム管理者,
愛知県,あま市,2,POINT(136.790928110524 35.1939851045787),リバーサイドガーデン,,#style3,,,システム管理者,2015/01/26 16:32:54,システム管理者,
愛知県,あま市,3,POINT(136.822878956159 35.1951256917594),甚目寺観音,,#style1,,,システム管理者,2015/01/26 16:32:54,システム管理者,
愛知県,一宮市,1,POINT(136.823475773542 35.3531836508801),木曽川堤桜,&lt;br&gt;,#style5,,,システム管理者,2015/01/26 16:32:44,システム管理者,
愛知県,一宮市,2,POINT(136.709657786639 35.2778089882622),西中野渡船場,&lt;br&gt;,#style1,,,システム管理者,2015/01/26 16:32:44,システム管理者,
愛知県,一宮市,3,POINT(136.74525239635 35.3264706903173),木曽川(一宮市奥町）,,#style6,,,システム管理者,2015/01/26 16:32:44,システム管理者,
愛知県,一宮市,4,POINT(136.811276951273 35.357448146655),１３８タワーパーク,,#style13,,,システム管理者,2015/01/26 16:32:44,システム管理者,
愛知県,一宮市,5,POINT(136.799312569573 35.3582597024997),光明寺公園,,#style9,,,システム管理者,2015/01/26 16:32:44,システム管理者,
愛知県,一宮市,6,POINT(136.800479674029 35.360534807299),光明寺公園橋（ハーモニーブリッジ）,,#style14,,,システム管理者,2015/01/26 16:32:44,システム管理者,
愛知県,一宮市,7,POINT(136.809054410297 35.3574145484179),ツインアーチ１３８,,#style15,,,システム管理者,2015/01/26 16:32:44,システム管理者,
愛知県,一宮市,8,POINT(136.736408402105 35.307906390666),美濃路（起）,,#style3,,,システム管理者,2015/01/26 16:32:44,システム管理者,
愛知県,一宮市,9,POINT(136.82789265936 35.2966770835933),浅野公園,,#style10,,,システム管理者,2015/01/26 16:32:44,システム管理者,
愛知県,一宮市,10,POINT(136.807586623005 35.3036766445649),大江川緑道,&lt;br&gt;,#style16,,,システム管理者,2015/01/26 16:32:44,システム管理者,
愛知県,一宮市,11,POINT(136.82881441153 35.3499986648998),小塞神社,,#style8,,,システム管理者,2015/01/26 16:32:44,システム管理者,
愛知県,一宮市,12,POINT(136.800076087547 35.3037172114547),銀座通り,,#style17,,,システム管理者,2015/01/26 16:32:44,システム管理者,
愛知県,一宮市,13,POINT(136.81564363704 35.2789381666655),多加木緑道,&lt;br&gt;,#style4,,,システム管理者,2015/01/26 16:32:44,システム管理者,
愛知県,一宮市,14,POINT(136.801851194306 35.3075626365547),真清田神社,,#style2,,,システム管理者,2015/01/26 16:32:44,システム管理者,
愛知県,一宮市,15,POINT(136.800104555535 35.2852110725329),妙興寺,,#style11,,,システム管理者,2015/01/26 16:32:44,システム管理者,
愛知県,一宮市,16,POINT(136.785113170545 35.3663103971847),木曽川,,#style7,,,システム管理者,2015/01/26 16:32:44,システム管理者,
愛知県,一宮市,17,POINT(136.801379098888 35.3049470881874),本町商店街,,#style12,,,システム管理者,2015/01/26 16:32:44,システム管理者,
愛知県,東郷町,1,POINT(137.074877823904 35.1116718895166),田園風景（東郷町諸輪）,,#style2,,,システム管理者,2015/01/26 16:32:54,システム管理者,
愛知県,東郷町,2,POINT(137.076932546841 35.1186957708009),愛知池,,#style1,,,システム管理者,2015/01/26 16:32:54,システム管理者,
愛知県,東栄町,1,POINT(137.749679121608 35.0804398770134),振草渓谷,,#style1,,,システム管理者,2015/01/26 16:33:00,システム管理者,
愛知県,東栄町,2,POINT(137.743480566344 35.0675788271032),ポットホール,,#style2,,,システム管理者,2015/01/26 16:33:00,システム管理者,
愛知県,東栄町,3,POINT(137.700671728922 35.0736432942545),森山坂,,#style3,,,システム管理者,2015/01/26 16:33:00,システム管理者,
愛知県,清須市,1,POINT(136.841320290258 35.2162973335235),五条川（清須市清洲）,,#style1,,,システム管理者,2015/01/26 16:32:53,システム管理者,
愛知県,清須市,2,POINT(136.866518206561 35.1924652777691),庄内川（枇杷島橋）,,#style4,,,システム管理者,2015/01/26 16:32:53,システム管理者,
愛知県,清須市,3,POINT(136.843614957521 35.216564894779),清洲城,,#style3,,,システム管理者,2015/01/26 16:32:53,システム管理者,
愛知県,清須市,4,POINT(136.841571771103 35.2358681636036),五条川（はるひ夢の森公園）,,#style2,,,システム管理者,2015/01/26 16:32:53,システム管理者,
愛知県,小牧市,1,POINT(136.933102407023 35.3131516722514),岩崎山（熊野神社）,,#style17,,,システム管理者,2015/01/26 16:32:49,システム管理者,
愛知県,小牧市,2,POINT(136.912282299834 35.2926923795116),小牧山,,#style5,,,システム管理者,2015/01/26 16:32:49,システム管理者,
愛知県,小牧市,3,POINT(137.00843805724 35.3115790325057),市民四季の森,,#style10,,,システム管理者,2015/01/26 16:32:49,システム管理者,
愛知県,小牧市,4,POINT(136.891144819857 35.3041122123937),正眼寺,,#style4,,,システム管理者,2015/01/26 16:32:49,システム管理者,
愛知県,小牧市,5,POINT(136.987429607649 35.2982987470898),桃花台ニュータウン（桃花台中央公園）,,#style11,,,システム管理者,2015/01/26 16:32:49,システム管理者,
愛知県,小牧市,6,POINT(136.896197123328 35.2794605809519),宇都宮神社,,#style6,,,システム管理者,2015/01/26 16:32:49,システム管理者,
愛知県,小牧市,7,POINT(137.005566966892 35.3230774262524),大山廃寺跡,,#style14,,,システム管理者,2015/01/26 16:32:49,システム管理者,
愛知県,小牧市,8,POINT(136.996488291617 35.325300520675),白山神社,,#style12,,,システム管理者,2015/01/26 16:32:49,システム管理者,
愛知県,小牧市,9,POINT(136.922394983358 35.2861778738281),岸田家,,#style8,,,システム管理者,2015/01/26 16:32:49,システム管理者,
愛知県,小牧市,10,POINT(136.934160698735 35.3199504481777),庚申寺,,#style16,,,システム管理者,2015/01/26 16:32:49,システム管理者,
愛知県,小牧市,11,POINT(136.918855755957 35.2931387105946),小牧高校,,#style7,,,システム管理者,2015/01/26 16:32:49,システム管理者,
愛知県,小牧市,12,POINT(136.970213258892 35.2972533953516),小牧市上末,,#style9,,,システム管理者,2015/01/26 16:32:49,システム管理者,
愛知県,小牧市,13,POINT(136.922730234366 35.2916952885297),小牧小学校,,#style13,,,システム管理者,2015/01/26 16:32:49,システム管理者,
愛知県,小牧市,14,POINT(136.924199139262 35.2894717157984),小牧平成夏まつり,,#style3,,,システム管理者,2015/01/26 16:32:49,システム管理者,
愛知県,小牧市,15,POINT(137.013225459472 35.3154973897122),ホタルの里,,#style15,,,システム管理者,2015/01/26 16:32:49,システム管理者,
愛知県,小牧市,16,POINT(136.923549159972 35.2935899345617),小牧市市民会館,,#style19,,,システム管理者,2015/01/26 16:32:49,システム管理者,
愛知県,小牧市,17,POINT(136.91964661974 35.2897689899738),小牧神明社,,#style18,,,システム管理者,2015/01/26 16:32:49,システム管理者,
愛知県,小牧市,18,POINT(136.939085655534 35.3089984977636),清流亭,,#style1,,,システム管理者,2015/01/26 16:32:49,システム管理者,
愛知県,小牧市,19,POINT(136.941409462593 35.3156824057517),田県神社,,#style2,,,システム管理者,2015/01/26 16:32:49,システム管理者,
愛知県,飛島村,1,POINT(136.818284736442 35.0285153515634),飛島コンテナ埠頭,,#style3,,,システム管理者,2015/01/26 16:32:57,システム管理者,
愛知県,飛島村,2,POINT(136.825444036887 35.0752403572097),藤前干潟,,#style1,,,システム管理者,2015/01/26 16:32:57,システム管理者,
愛知県,飛島村,3,POINT(136.834792432474 35.0521168326991),名港西大橋,,#style2,,,システム管理者,2015/01/26 16:32:57,システム管理者,
愛知県,尾張旭市,1,POINT(137.05228214693 35.2347903632153),愛知県森林公園,,#style2,,,システム管理者,2015/01/26 16:32:51,システム管理者,
愛知県,尾張旭市,2,POINT(137.03643238146 35.2252190988489),維摩池,,#style10,,,システム管理者,2015/01/26 16:32:51,システム管理者,
愛知県,尾張旭市,3,POINT(137.028488438483 35.2195402369541),城山公園,,#style3,,,システム管理者,2015/01/26 16:32:51,システム管理者,
愛知県,尾張旭市,4,POINT(137.028885277788 35.2187203787576),旭城,,#style4,,,システム管理者,2015/01/26 16:32:51,システム管理者,
愛知県,尾張旭市,5,POINT(137.028958775262 35.220730673579),スカイワードあさひ,,#style8,,,システム管理者,2015/01/26 16:32:51,システム管理者,
愛知県,尾張旭市,6,POINT(137.005337747829 35.2112994790879),どうだん亭,,#style1,,,システム管理者,2015/01/26 16:32:51,システム管理者,
愛知県,尾張旭市,7,POINT(137.033282250747 35.2235480061053),御城田池,,#style14,,,システム管理者,2015/01/26 16:32:51,システム管理者,
愛知県,尾張旭市,8,POINT(137.020906439482 35.2024850928358),大塚公園,,#style6,,,システム管理者,2015/01/26 16:32:51,システム管理者,
愛知県,尾張旭市,9,POINT(137.020080824099 35.2035568126294),矢田川（尾張旭市）,,#style12,,,システム管理者,2015/01/26 16:32:51,システム管理者,
愛知県,尾張旭市,10,POINT(137.033010390714 35.2151552988723),消防出初式（旭中学校）,&lt;br&gt;,#style7,,,システム管理者,2015/01/26 16:32:51,システム管理者,
愛知県,尾張旭市,11,POINT(137.036055873611 35.2202337320011),シンボルロード,,#style13,,,システム管理者,2015/01/26 16:32:51,システム管理者,
愛知県,尾張旭市,12,POINT(137.032330907709 35.2208877071405),洞光院,,#style9,,,システム管理者,2015/01/26 16:32:51,システム管理者,
愛知県,尾張旭市,13,POINT(137.041916215055 35.2310752126708),吉賀池,,#style11,,,システム管理者,2015/01/26 16:32:51,システム管理者,
愛知県,尾張旭市,14,POINT(137.009829971194 35.2113594678423),良福禅寺,,#style5,,,システム管理者,2015/01/26 16:32:51,システム管理者,
愛知県,尾張旭市,15,POINT(137.031482580163 35.2025063761847),長坂町,,#style15,,,システム管理者,2015/01/26 16:32:51,システム管理者,
愛知県,豊橋市,1,POINT(137.403934615516 34.7777829193478),豊川河畔林,,#style1,,,システム管理者,2015/01/26 16:32:43,システム管理者,
愛知県,豊橋市,2,POINT(137.401670455844 34.6611315810519),表浜海岸,,#style6,,,システム管理者,2015/01/26 16:32:43,システム管理者,
愛知県,豊橋市,3,POINT(137.356303952926 34.7758110006239),豊川,,#style4,,,システム管理者,2015/01/26 16:32:43,システム管理者,
愛知県,豊橋市,4,POINT(137.452760481777 34.7233351437254),二川宿,,#style2,,,システム管理者,2015/01/26 16:32:43,システム管理者,
愛知県,豊橋市,5,POINT(137.454113035114 34.7576253301647),豊橋市岩崎町,,#style7,,,システム管理者,2015/01/26 16:32:43,システム管理者,
愛知県,豊橋市,6,POINT(137.40510189512 34.7657635801286),路面電車,,#style3,,,システム管理者,2015/01/26 16:32:43,システム管理者,
愛知県,豊橋市,7,POINT(137.393283259112 34.7703117084389),吉田城,,#style5,,,システム管理者,2015/01/26 16:32:43,システム管理者,
愛知県,犬山市,1,POINT(136.939270358164 35.3883147258037),犬山城,,#style10,,,システム管理者,2015/01/26 16:32:48,システム管理者,
愛知県,犬山市,2,POINT(136.949076184904 35.389053914826),成田山,,#style14,,,システム管理者,2015/01/26 16:32:48,システム管理者,
愛知県,犬山市,3,POINT(136.939879080784 35.3871350183775),犬山祭(針綱神社),,#style1,,,システム管理者,2015/01/26 16:32:48,システム管理者,
愛知県,犬山市,4,POINT(136.942850912789 35.3911879059119),木曽川（犬山市）,&lt;br&gt;,#style11,,,システム管理者,2015/01/26 16:32:48,システム管理者,
愛知県,犬山市,5,POINT(136.985611268237 35.4184371198342),大平山,,#style5,,,システム管理者,2015/01/26 16:32:48,システム管理者,
愛知県,犬山市,6,POINT(136.950633828326 35.3498000263396),五条川,,#style18,,,システム管理者,2015/01/26 16:32:48,システム管理者,
愛知県,犬山市,7,POINT(136.962262975678 35.397973891253),不老滝,,#style9,,,システム管理者,2015/01/26 16:32:48,システム管理者,
愛知県,犬山市,8,POINT(136.961337884034 35.3981075342593),不老公園,,#style8,,,システム管理者,2015/01/26 16:32:48,システム管理者,
愛知県,犬山市,9,POINT(136.992325949143 35.3377252109085),入鹿池,,#style19,,,システム管理者,2015/01/26 16:32:48,システム管理者,
愛知県,犬山市,10,POINT(136.941863190133 35.3821719356412),円明寺,,#style12,,,システム管理者,2015/01/26 16:32:48,システム管理者,
愛知県,犬山市,11,POINT(136.966228761823 35.3301578847654),大縣神社（姫ノ宮）,,#style17,,,システム管理者,2015/01/26 16:32:48,システム管理者,
愛知県,犬山市,12,POINT(136.968916048237 35.3874564585176),小野洞池,,#style13,,,システム管理者,2015/01/26 16:32:48,システム管理者,
愛知県,犬山市,13,POINT(136.947614432332 35.3474779441932),笑面寺,,#style6,,,システム管理者,2015/01/26 16:32:48,システム管理者,
愛知県,犬山市,14,POINT(136.966446686803 35.3488356922641),新郷瀬川,,#style3,,,システム管理者,2015/01/26 16:32:48,システム管理者,
愛知県,犬山市,15,POINT(136.964314678112 35.4051706119884),桃太郎公園栗栖園地,,#style15,,,システム管理者,2015/01/26 16:32:48,システム管理者,
愛知県,犬山市,16,POINT(136.984927666098 35.3304668799938),ヒトツバタゴ,,#style4,,,システム管理者,2015/01/26 16:32:48,システム管理者,
愛知県,犬山市,17,POINT(136.939454138977 35.3855837885172),本町通り,,#style20,,,システム管理者,2015/01/26 16:32:48,システム管理者,
愛知県,犬山市,18,POINT(136.989269913628 35.3417591334607),博物館明治村,,#style7,,,システム管理者,2015/01/26 16:32:48,システム管理者,
愛知県,犬山市,19,POINT(136.966186204191 35.4052368314829),桃太郎神社,,#style2,,,システム管理者,2015/01/26 16:32:48,システム管理者,
愛知県,犬山市,20,POINT(137.03660553891 35.3574499651467),八曽滝,,#style16,,,システム管理者,2015/01/26 16:32:48,システム管理者,
愛知県,瀬戸市,1,POINT(137.164930197167 35.2601387117972),瀬戸市片草町,,#style13,,,システム管理者,2015/01/26 16:32:44,システム管理者,
愛知県,瀬戸市,2,POINT(137.155579019345 35.2485457530808),岩巣山,,#style9,,,システム管理者,2015/01/26 16:32:44,システム管理者,
愛知県,瀬戸市,3,POINT(137.141385184068 35.272251355055),瀬戸市上半田川町,,#style3,,,システム管理者,2015/01/26 16:32:44,システム管理者,
愛知県,瀬戸市,4,POINT(137.116743503804 35.2864682913501),瀬戸市下半田川町,,#style7,,,システム管理者,2015/01/26 16:32:44,システム管理者,
愛知県,瀬戸市,5,POINT(137.168073561696 35.2679451368144),蛇ヶ洞川上流,,#style15,,,システム管理者,2015/01/26 16:32:44,システム管理者,
愛知県,瀬戸市,6,POINT(137.09549414293 35.2089791909693),菱野団地,,#style6,,,システム管理者,2015/01/26 16:32:44,システム管理者,
愛知県,瀬戸市,7,POINT(137.129809867092 35.2254458010129),瀬戸市赤津町,,#style2,,,システム管理者,2015/01/26 16:32:44,システム管理者,
愛知県,瀬戸市,8,POINT(137.093541164667 35.2556455114959),瀬戸市曽野町,,#style4,,,システム管理者,2015/01/26 16:32:44,システム管理者,
愛知県,瀬戸市,9,POINT(137.131414377588 35.2494335488093),中品野八剱社,,#style8,,,システム管理者,2015/01/26 16:32:44,システム管理者,
愛知県,瀬戸市,10,POINT(137.105420910979 35.2265807473022),瀬戸永泉教会,,#style21,,,システム管理者,2015/01/26 16:32:44,システム管理者,
愛知県,瀬戸市,11,POINT(137.086578937058 35.2503136195406),水野八幡,,#style18,,,システム管理者,2015/01/26 16:32:44,システム管理者,
愛知県,瀬戸市,12,POINT(137.112213752888 35.1882456406013),山口ほたるの里,,#style17,,,システム管理者,2015/01/26 16:32:44,システム管理者,
愛知県,瀬戸市,13,POINT(137.099802469658 35.2189245468947),瀬戸市民文化センター,,#style10,,,システム管理者,2015/01/26 16:32:44,システム管理者,
愛知県,瀬戸市,14,POINT(137.145251786133 35.2402150867763),岩屋堂公園,,#style12,,,システム管理者,2015/01/26 16:32:44,システム管理者,
愛知県,瀬戸市,15,POINT(137.11221099093 35.2252859188626),窯垣の小径,,#style14,,,システム管理者,2015/01/26 16:32:44,システム管理者,
愛知県,瀬戸市,16,POINT(137.095220009628 35.2585851926547),曽野八王子神社,,#style1,,,システム管理者,2015/01/26 16:32:44,システム管理者,
愛知県,瀬戸市,17,POINT(137.164733366922 35.218203814117),東京大学演習林,,#style20,,,システム管理者,2015/01/26 16:32:44,システム管理者,
愛知県,瀬戸市,18,POINT(137.107833917451 35.2319364934915),ホフマンの森,,#style11,,,システム管理者,2015/01/26 16:32:44,システム管理者,
愛知県,瀬戸市,19,POINT(137.090576081095 35.2768724462796),定光寺,,#style16,,,システム管理者,2015/01/26 16:32:44,システム管理者,
愛知県,瀬戸市,20,POINT(137.144696237083 35.2223394491987),雲興寺,,#style5,,,システム管理者,2015/01/26 16:32:44,システム管理者,
愛知県,瀬戸市,21,POINT(137.117260780394 35.2312105425868),馬ヶ城貯水池,,#style19,,,システム管理者,2015/01/26 16:32:44,システム管理者,
愛知県,春日井市,1,POINT(137.061327235944 35.3259422930882),内々神社,,#style20,,,システム管理者,2015/01/26 16:32:45,システム管理者,
愛知県,春日井市,2,POINT(136.989643560502 35.2712681303183),落合公園,,#style4,,,システム管理者,2015/01/26 16:32:45,システム管理者,
愛知県,春日井市,3,POINT(136.972066356763 35.244234189239),春日井市鳥居松町（春日井まつり）,,#style2,,,システム管理者,2015/01/26 16:32:45,システム管理者,
愛知県,春日井市,4,POINT(137.026994578923 35.2579487591691),木橋,,#style21,,,システム管理者,2015/01/26 16:32:45,システム管理者,
愛知県,春日井市,5,POINT(137.081088068237 35.2782272689356),定光寺駅,,#style11,,,システム管理者,2015/01/26 16:32:45,システム管理者,
愛知県,春日井市,6,POINT(136.979113134412 35.2236745193147),八ヶ村用水堰,,#style17,,,システム管理者,2015/01/26 16:32:45,システム管理者,
愛知県,春日井市,7,POINT(136.973619856931 35.2192848910869),東名阪自動車道,,#style10,,,システム管理者,2015/01/26 16:32:45,システム管理者,
愛知県,春日井市,8,POINT(137.057353917505 35.3033580408187),春日井市都市緑化植物園,,#style23,,,システム管理者,2015/01/26 16:32:45,システム管理者,
愛知県,春日井市,9,POINT(137.041889229573 35.2702065018916),新池公園（高座台）,,#style15,,,システム管理者,2015/01/26 16:32:45,システム管理者,
愛知県,春日井市,10,POINT(136.981868702206 35.2680383930874),ふれあい緑道,,#style16,,,システム管理者,2015/01/26 16:32:45,システム管理者,
愛知県,春日井市,11,POINT(136.95934619058 35.2555711414843),朝宮公園,,#style14,,,システム管理者,2015/01/26 16:32:45,システム管理者,
愛知県,春日井市,12,POINT(136.974681699725 35.2628079092731),三ツ又ふれあい公園,,#style19,,,システム管理者,2015/01/26 16:32:45,システム管理者,
愛知県,春日井市,13,POINT(136.954974146033 35.275990019891),伊多波刀神社,,#style9,,,システム管理者,2015/01/26 16:32:45,システム管理者,
愛知県,春日井市,14,POINT(137.030360474045 35.2758730850131),円福寺,,#style18,,,システム管理者,2015/01/26 16:32:45,システム管理者,
愛知県,春日井市,15,POINT(136.989091167519 35.2473613040339),小木田神社,,#style7,,,システム管理者,2015/01/26 16:32:45,システム管理者,
愛知県,春日井市,16,POINT(136.954349415345 35.2752858093727),鷹来小学校,,#style3,,,システム管理者,2015/01/26 16:32:45,システム管理者,
愛知県,春日井市,17,POINT(136.98234182277 35.2581143392075),ＴＨＥ ＭＡＬＬ春日井,,#style5,,,システム管理者,2015/01/26 16:32:45,システム管理者,
愛知県,春日井市,18,POINT(137.072010084993 35.2670337284967),玉野水力発電所,,#style22,,,システム管理者,2015/01/26 16:32:45,システム管理者,
愛知県,春日井市,19,POINT(137.066822346948 35.2669304011521),玉野町,,#style6,,,システム管理者,2015/01/26 16:32:45,システム管理者,
愛知県,春日井市,20,POINT(137.052525032572 35.3044803644728),築水池,,#style1,,,システム管理者,2015/01/26 16:32:45,システム管理者,
愛知県,春日井市,21,POINT(136.936173978847 35.2266201956172),二子山公園,,#style8,,,システム管理者,2015/01/26 16:32:45,システム管理者,
愛知県,春日井市,22,POINT(136.968196161096 35.2181403077664),松河戸グラウンド,,#style12,,,システム管理者,2015/01/26 16:32:45,システム管理者,
愛知県,春日井市,23,POINT(137.002910922778 35.2438201210706),密蔵院,,#style13,,,システム管理者,2015/01/26 16:32:45,システム管理者,
愛知県,刈谷市,1,POINT(136.983517231319 34.9887617702465),亀城公園,,#style1,,,システム管理者,2015/01/26 16:32:46,システム管理者,
愛知県,刈谷市,2,POINT(136.981430566755 34.9863065957751),逢妻川葦原,,#style3,,,システム管理者,2015/01/26 16:32:46,システム管理者,
愛知県,刈谷市,3,POINT(137.057126866338 35.0631676139568),小堤西池のカキツバタ群落,,#style2,,,システム管理者,2015/01/26 16:32:46,システム管理者,
愛知県,新城市,1,POINT(137.645447504371 34.9507523403863),阿寺の七滝,,#style15,,,システム管理者,2015/01/26 16:32:49,システム管理者,
愛知県,新城市,2,POINT(137.442095466533 34.9735419192075),甘泉寺のコウヤマキ,,#style24,,,システム管理者,2015/01/26 16:32:49,システム管理者,
愛知県,新城市,3,POINT(137.613542574284 34.9688492194876),湯谷温泉,,#style5,,,システム管理者,2015/01/26 16:32:49,システム管理者,
愛知県,新城市,4,POINT(137.546864420171 34.9411576412546),鮎滝,,#style11,,,システム管理者,2015/01/26 16:32:49,システム管理者,
愛知県,新城市,5,POINT(137.615000378025 34.9731077918553),鳳来峡・板敷川,,#style21,,,システム管理者,2015/01/26 16:32:49,システム管理者,
愛知県,新城市,6,POINT(137.624936561431 34.9972299865844),不動滝（県民の森）,,#style18,,,システム管理者,2015/01/26 16:32:49,システム管理者,
愛知県,新城市,7,POINT(137.54556226594 34.9460477048766),寒狭川（花の木公園）,,#style7,,,システム管理者,2015/01/26 16:32:49,システム管理者,
愛知県,新城市,8,POINT(137.504206433552 34.8486291499753),コスモス迷路,,#style8,,,システム管理者,2015/01/26 16:32:49,システム管理者,
愛知県,新城市,9,POINT(137.506357499222 34.8957258617204),桜淵県立自然公園,,#style10,,,システム管理者,2015/01/26 16:32:49,システム管理者,
愛知県,新城市,10,POINT(137.671691418659 34.9810615451773),朝霧湖（大島ダム）,,#style26,,,システム管理者,2015/01/26 16:32:49,システム管理者,
愛知県,新城市,11,POINT(137.499385551221 35.0252148740098),島田の棚田,,#style1,,,システム管理者,2015/01/26 16:32:49,システム管理者,
愛知県,新城市,12,POINT(137.493113124199 34.9441716511127),新城スカイパーク（雁峰山）,,#style25,,,システム管理者,2015/01/26 16:32:49,システム管理者,
愛知県,新城市,13,POINT(137.542073013655 34.9371429443473),新城総合公園,,#style2,,,システム管理者,2015/01/26 16:32:49,システム管理者,
愛知県,新城市,14,POINT(137.665090133524 35.0285597654006),乳岩及び乳岩峡,,#style9,,,システム管理者,2015/01/26 16:32:49,システム管理者,
愛知県,新城市,15,POINT(137.456667470075 34.9472840717095),巴川（新城市作手高松）,,#style3,,,システム管理者,2015/01/26 16:32:49,システム管理者,
愛知県,新城市,16,POINT(137.458569359336 34.9957968365447),長ノ山湿原,,#style27,,,システム管理者,2015/01/26 16:32:49,システム管理者,
愛知県,新城市,17,POINT(137.504154592744 35.0550220771956),鳴沢苑,,#style16,,,システム管理者,2015/01/26 16:32:49,システム管理者,
愛知県,新城市,18,POINT(137.613947391578 34.9707949013671),はづ木,,#style13,,,システム管理者,2015/01/26 16:32:49,システム管理者,
愛知県,新城市,19,POINT(137.615604045687 34.9894040821239),はづ合掌,,#style12,,,システム管理者,2015/01/26 16:32:49,システム管理者,
愛知県,新城市,20,POINT(137.585788776471 34.9789003944621),鳳来寺山,,#style23,,,システム管理者,2015/01/26 16:32:49,システム管理者,
愛知県,新城市,21,POINT(137.51897696323 34.8735765184907),望月家住宅,,#style6,,,システム管理者,2015/01/26 16:32:49,システム管理者,
愛知県,新城市,22,POINT(137.62721558804 34.9953463166725),森の水車小屋（県民の森）,,#style19,,,システム管理者,2015/01/26 16:32:49,システム管理者,
愛知県,新城市,23,POINT(137.559325218742 34.9233138472948),長篠城址,,#style4,,,システム管理者,2015/01/26 16:32:49,システム管理者,
愛知県,新城市,24,POINT(137.611980907108 34.9676289582568),湯谷川,,#style22,,,システム管理者,2015/01/26 16:32:49,システム管理者,
愛知県,新城市,25,POINT(137.567110903685 35.0500438535622),四谷千枚田,,#style14,,,システム管理者,2015/01/26 16:32:49,システム管理者,
愛知県,新城市,26,POINT(137.525223389352 34.9215351681989),設楽原古戦場,,#style20,,,システム管理者,2015/01/26 16:32:49,システム管理者,
愛知県,新城市,27,POINT(137.474284051283 34.8741215026425),牟呂松原頭首工,,#style17,,,システム管理者,2015/01/26 16:32:49,システム管理者,
愛知県,みよし市,1,POINT(137.053480451564 35.0836995725339),境川緑地,,#style6,,,システム管理者,2015/01/26 16:32:54,システム管理者,
愛知県,みよし市,2,POINT(137.100647251063 35.1387413198608),長田池,,#style7,,,システム管理者,2015/01/26 16:32:54,システム管理者,
愛知県,みよし市,3,POINT(137.075731083052 35.0644540515713),茶屋川（みよし市明知）,,#style4,,,システム管理者,2015/01/26 16:32:54,システム管理者,
愛知県,みよし市,4,POINT(137.076488069029 35.0839622584583),保田ケ池公園,,#style1,,,システム管理者,2015/01/26 16:32:54,システム管理者,
愛知県,みよし市,5,POINT(137.091913753718 35.0887414743231),三好池,,#style3,,,システム管理者,2015/01/26 16:32:54,システム管理者,
愛知県,みよし市,6,POINT(137.074784846798 35.0869898872053),三好稲荷満福寺,,#style5,,,システム管理者,2015/01/26 16:32:54,システム管理者,
愛知県,みよし市,7,POINT(137.111338180912 35.1029138170501),莇生辰己山,,#style2,,,システム管理者,2015/01/26 16:32:54,システム管理者,
愛知県,扶桑町,1,POINT(136.9018446159 35.3747713696942),木曽川扶桑緑地公園,,#style2,,,システム管理者,2015/01/26 16:32:56,システム管理者,
愛知県,扶桑町,2,POINT(136.911896849457 35.3525009538356),柏森東山自然林,,#style1,,,システム管理者,2015/01/26 16:32:56,システム管理者,
愛知県,吉良町,1,POINT(137.072842454763 34.8093683419511),金蓮寺弥陀堂,,#style1,,,システム管理者,2015/01/26 16:32:59,システム管理者,
愛知県,吉良町,2,POINT(137.11791650616 34.8309586318799),茶畑（吉良町宮迫）,,#style5,,,システム管理者,2015/01/26 16:32:59,システム管理者,
愛知県,吉良町,3,POINT(137.097858936872 34.8256120675203),吉良町津平,,#style4,,,システム管理者,2015/01/26 16:32:59,システム管理者,
愛知県,吉良町,4,POINT(137.073469270725 34.7865698071938),海岸（吉良町吉田）,,#style12,,,システム管理者,2015/01/26 16:32:59,システム管理者,
愛知県,吉良町,5,POINT(137.088315917493 34.847792152049),黄金堤,,#style7,,,システム管理者,2015/01/26 16:32:59,システム管理者,
愛知県,吉良町,6,POINT(137.065533722491 34.8064866971179),吉良町図書館　旧糟谷邸,,#style6,,,システム管理者,2015/01/26 16:32:59,システム管理者,
愛知県,吉良町,7,POINT(137.068344137965 34.8328488588021),仁吉まつり（源徳寺）,,#style13,,,システム管理者,2015/01/26 16:32:59,システム管理者,
愛知県,吉良町,8,POINT(137.096660628084 34.7818163900616),吉良ワイキキビーチ（宮崎海水浴場）,,#style8,,,システム管理者,2015/01/26 16:32:59,システム管理者,
愛知県,吉良町,9,POINT(137.090252143676 34.8352084872198),古城公園（東条城跡）,,#style11,,,システム管理者,2015/01/26 16:32:59,システム管理者,
愛知県,吉良町,10,POINT(137.086765117896 34.8117672587528),友国工業団地,,#style14,,,システム管理者,2015/01/26 16:32:59,システム管理者,
愛知県,吉良町,11,POINT(137.080721830748 34.7895050343304),白浜小学校水路沿いの桜,,#style3,,,システム管理者,2015/01/26 16:32:59,システム管理者,
愛知県,吉良町,12,POINT(137.088208667253 34.7763841692141),恵比寿海岸,,#style2,,,システム管理者,2015/01/26 16:32:59,システム管理者,
愛知県,吉良町,13,POINT(137.08696228118 34.7886258060026),正法寺,,#style9,,,システム管理者,2015/01/26 16:32:59,システム管理者,
愛知県,吉良町,14,POINT(137.066653810771 34.8111844458307),吉良町荻原御用田,,#style10,,,システム管理者,2015/01/26 16:32:59,システム管理者,
愛知県,蟹江町,1,POINT(136.778848553729 35.1269427871236),佐屋川創郷公園,,#style6,,,システム管理者,2015/01/26 16:32:56,システム管理者,
愛知県,蟹江町,2,POINT(136.786194893017 35.1209624247653),文学散歩道,,#style4,,,システム管理者,2015/01/26 16:32:56,システム管理者,
愛知県,蟹江町,3,POINT(136.778125153874 35.1337103383373),足湯かにえの郷,,#style3,,,システム管理者,2015/01/26 16:32:56,システム管理者,
愛知県,蟹江町,4,POINT(136.787388823204 35.1474146187638),冨吉建早神社・八劔社,,#style2,,,システム管理者,2015/01/26 16:32:56,システム管理者,
愛知県,蟹江町,5,POINT(136.776458906936 35.1264573500342),日光川ウォーターパーク,,#style1,,,システム管理者,2015/01/26 16:32:56,システム管理者,
愛知県,蟹江町,6,POINT(136.789228135049 35.1222339362623),蟹江町舟入,&lt;br&gt;,#style5,,,システム管理者,2015/01/26 16:32:56,システム管理者,
愛知県,豊山町,1,POINT(136.91953522971 35.2540540950598),名古屋空港,,#style2,,,システム管理者,2015/01/26 16:32:55,システム管理者,
愛知県,豊山町,2,POINT(136.915704662172 35.2418137556424),冨士社（青塚古墳）,,#style1,,,システム管理者,2015/01/26 16:32:55,システム管理者,
愛知県,津島市,1,POINT(136.719862288083 35.1769950651156),津島市祢宜町,,#style3,,,システム管理者,2015/01/26 16:32:46,システム管理者,
愛知県,津島市,2,POINT(136.723742494244 35.1801913917389),津島市米町,,#style4,,,システム管理者,2015/01/26 16:32:46,システム管理者,
愛知県,津島市,3,POINT(136.720750338398 35.1772236971389),津島市浦方町,,#style6,,,システム管理者,2015/01/26 16:32:46,システム管理者,
愛知県,津島市,4,POINT(136.725144349364 35.1767800601557),津島市本町,,#style1,,,システム管理者,2015/01/26 16:32:46,システム管理者,
愛知県,津島市,5,POINT(136.715151459724 35.1652318511311),県立津島高校,,#style5,,,システム管理者,2015/01/26 16:32:46,システム管理者,
愛知県,津島市,6,POINT(136.720989987247 35.1735467111267),天王川公園,,#style2,,,システム管理者,2015/01/26 16:32:46,システム管理者,
愛知県,田原市,1,POINT(137.028321710682 34.5877869753342),愛知県田原市伊良湖町,,#style39,,,システム管理者,2015/01/26 16:32:52,システム管理者,
愛知県,田原市,2,POINT(137.0773208029 34.5887342175425),伊良湖フラワーパーク跡地,,#style20,,,システム管理者,2015/01/26 16:32:52,システム管理者,
愛知県,田原市,3,POINT(137.01669421651 34.5795512480394),伊良湖岬灯台,,#style12,,,システム管理者,2015/01/26 16:32:52,システム管理者,
愛知県,田原市,4,POINT(137.239518827691 34.6757696703958),衣笠山,,#style6,,,システム管理者,2015/01/26 16:32:52,システム管理者,
愛知県,田原市,5,POINT(137.023723462404 34.5802628798505),恋路ヶ浜,,#style29,,,システム管理者,2015/01/26 16:32:52,システム管理者,
愛知県,田原市,6,POINT(137.28124617278 34.6741599291626),汐川干潟,,#style11,,,システム管理者,2015/01/26 16:32:52,システム管理者,
愛知県,田原市,7,POINT(137.218076154212 34.6235281813119),赤羽根文化の森展望台（電照風景）,,#style10,,,システム管理者,2015/01/26 16:32:52,システム管理者,
愛知県,田原市,8,POINT(137.051394283505 34.6071127640684),田原市西山町,,#style17,,,システム管理者,2015/01/26 16:32:52,システム管理者,
愛知県,田原市,9,POINT(137.049471289817 34.6332102060123),西ノ浜,,#style21,,,システム管理者,2015/01/26 16:32:52,システム管理者,
愛知県,田原市,10,POINT(137.195845042559 34.6084168568934),赤羽根海岸,,#style31,,,システム管理者,2015/01/26 16:32:52,システム管理者,
愛知県,田原市,11,POINT(137.022936100563 34.581749487579),渥美サイクリングロード（道の駅伊良湖クリスタルポルト）,,#style27,,,システム管理者,2015/01/26 16:32:52,システム管理者,
愛知県,田原市,12,POINT(137.26556477476 34.6738400966862),池ノ原公園,,#style30,,,システム管理者,2015/01/26 16:32:52,システム管理者,
愛知県,田原市,13,POINT(137.22352298474 34.6146997855742),田原市高松町一色,,#style25,,,システム管理者,2015/01/26 16:32:52,システム管理者,
愛知県,田原市,14,POINT(137.178406520609 34.6612583263395),宇津江漁港,,#style24,,,システム管理者,2015/01/26 16:32:52,システム管理者,
愛知県,田原市,15,POINT(137.183740627666 34.6554158184064),田原市宇津江町,,#style9,,,システム管理者,2015/01/26 16:32:52,システム管理者,
愛知県,田原市,16,POINT(137.154436718414 34.6552360955173),江比間海岸,,#style36,,,システム管理者,2015/01/26 16:32:52,システム管理者,
愛知県,田原市,17,POINT(137.262445917831 34.6756275995232),岡田虎二郎邸宅跡,,#style32,,,システム管理者,2015/01/26 16:32:52,システム管理者,
愛知県,田原市,18,POINT(137.291958508443 34.6355371130204),谷ノ口海岸（田原市南神戸町）,,#style16,,,システム管理者,2015/01/26 16:32:52,システム管理者,
愛知県,田原市,19,POINT(137.27886753215 34.7066979614034),笠山,,#style13,,,システム管理者,2015/01/26 16:32:52,システム管理者,
愛知県,田原市,20,POINT(137.26208545011 34.684832408091),蔵王山展望台,,#style37,,,システム管理者,2015/01/26 16:32:52,システム管理者,
愛知県,田原市,21,POINT(137.246647072126 34.6782173397956),藤七原湿地植物群落,,#style26,,,システム管理者,2015/01/26 16:32:52,システム管理者,
愛知県,田原市,22,POINT(137.231571252912 34.6856007380023),白谷海水浴場,,#style15,,,システム管理者,2015/01/26 16:32:52,システム管理者,
愛知県,田原市,23,POINT(137.140186390362 34.5930463374143),土田（田原市和地町瀬戸畑）,,#style3,,,システム管理者,2015/01/26 16:32:52,システム管理者,
愛知県,田原市,24,POINT(137.319075141599 34.6421414746827),表浜の砂丘,,#style5,,,システム管理者,2015/01/26 16:32:52,システム管理者,
愛知県,田原市,25,POINT(137.269012932464 34.6737380831652),田原城址,,#style18,,,システム管理者,2015/01/26 16:32:52,システム管理者,
愛知県,田原市,26,POINT(137.291655059831 34.6949657911259),田原市緑が浜,,#style23,,,システム管理者,2015/01/26 16:32:52,システム管理者,
愛知県,田原市,27,POINT(137.263820705028 34.6754642377561),つばき公園,,#style2,,,システム管理者,2015/01/26 16:32:52,システム管理者,
愛知県,田原市,28,POINT(137.058919105303 34.597608477972),初立池,,#style19,,,システム管理者,2015/01/26 16:32:52,システム管理者,
愛知県,田原市,29,POINT(137.037874414445 34.5785116232295),日出の石門,,#style38,,,システム管理者,2015/01/26 16:32:52,システム管理者,
愛知県,田原市,30,POINT(137.249834925936 34.7122475313101),姫島,,#style33,,,システム管理者,2015/01/26 16:32:52,システム管理者,
愛知県,田原市,31,POINT(137.086878710112 34.6482237854703),福江漁港,,#style8,,,システム管理者,2015/01/26 16:32:52,システム管理者,
愛知県,田原市,32,POINT(137.25019804705 34.6716248357051),藤七原のゲンジボタル（庄司川鎌田橋）,,#style1,,,システム管理者,2015/01/26 16:32:52,システム管理者,
愛知県,田原市,33,POINT(137.220992267062 34.6133756885175),弥八島海岸,,#style34,,,システム管理者,2015/01/26 16:32:52,システム管理者,
愛知県,田原市,34,POINT(137.280896253634 34.6815797738298),吉胡貝塚,,#style28,,,システム管理者,2015/01/26 16:32:52,システム管理者,
愛知県,田原市,35,POINT(137.083662167292 34.6466259381536),愛知県田原市小中山町,,#style22,,,システム管理者,2015/01/26 16:32:52,システム管理者,
愛知県,田原市,36,POINT(137.07604915016 34.6554825096594),六階建て,,#style35,,,システム管理者,2015/01/26 16:32:52,システム管理者,
愛知県,田原市,37,POINT(137.127836057333 34.5902212306937),田原市和地町東,,#style7,,,システム管理者,2015/01/26 16:32:52,システム管理者,
愛知県,田原市,38,POINT(137.243288065548 34.6687084422943),滝頭公園,,#style4,,,システム管理者,2015/01/26 16:32:52,システム管理者,
愛知県,田原市,39,POINT(137.248926753999 34.6770979365012),衣笠山自然歩道,,#style14,,,システム管理者,2015/01/26 16:32:52,システム管理者,
愛知県,大治町,1,POINT(136.83524776192 35.1698837589362),赤紫蘇畑（大治町八ツ屋）,&lt;br&gt;,#style1,,,システム管理者,2015/01/26 16:32:56,システム管理者,
愛知県,岡崎市,1,POINT(137.165253687293 34.9843204040506),大樹寺,,#style1,,,システム管理者,2015/01/26 16:32:44,システム管理者,
愛知県,岡崎市,2,POINT(137.158826750775 34.9563292663715),岡崎城,,#style6,,,システム管理者,2015/01/26 16:32:44,システム管理者,
愛知県,岡崎市,3,POINT(137.288386964705 34.922354780179),須賀神社,,#style2,,,システム管理者,2015/01/26 16:32:44,システム管理者,
愛知県,岡崎市,4,POINT(137.212314849846 34.9155288337877),藤川の松並木,,#style3,,,システム管理者,2015/01/26 16:32:44,システム管理者,
愛知県,岡崎市,5,POINT(137.401264633843 34.9304558751914),くらがり渓谷,,#style8,,,システム管理者,2015/01/26 16:32:44,システム管理者,
愛知県,岡崎市,6,POINT(137.375044520178 34.9677708185151),千万町茅葺屋敷,,#style7,,,システム管理者,2015/01/26 16:32:44,システム管理者,
愛知県,岡崎市,7,POINT(137.152694639589 34.9582939420906),八丁味噌の郷,,#style4,,,システム管理者,2015/01/26 16:32:44,システム管理者,
愛知県,岡崎市,8,POINT(137.221866365361 34.9114140929545),藤川宿,,#style5,,,システム管理者,2015/01/26 16:32:44,システム管理者,
愛知県,南知多町,1,POINT(136.972048989927 34.6958932046342),羽豆岬から日間賀島,,#style1,,,システム管理者,2015/01/26 16:32:57,システム管理者,
愛知県,江南市,1,POINT(136.86386489425 35.3655959098429),フラワーパーク江南,,#style2,,,システム管理者,2015/01/26 16:32:48,システム管理者,
愛知県,江南市,2,POINT(136.882502104377 35.3134580079574),五条川（江南市）,,#style5,,,システム管理者,2015/01/26 16:32:48,システム管理者,
愛知県,江南市,3,POINT(136.872509392112 35.3245035763437),御嶽薬師尊　布袋の大仏,,#style4,,,システム管理者,2015/01/26 16:32:48,システム管理者,
愛知県,江南市,4,POINT(136.878690903795 35.3709775390864),すいとぴあ江南,,#style3,,,システム管理者,2015/01/26 16:32:48,システム管理者,
愛知県,江南市,5,POINT(136.856432874257 35.3493696015057),曼陀羅寺,,#style1,,,システム管理者,2015/01/26 16:32:48,システム管理者,
愛知県,西尾市,1,POINT(137.053833684041 34.8744132044944),岩瀬文庫,,#style1,,,システム管理者,2015/01/26 16:32:47,システム管理者,
愛知県,西尾市,2,POINT(137.041537058152 34.8826227689788),西尾の茶園（稲荷山茶園公園）,,#style2,,,システム管理者,2015/01/26 16:32:47,システム管理者,
愛知県,西尾市,3,POINT(137.100224754163 34.8608979634786),神明神社,,#style4,,,システム管理者,2015/01/26 16:32:47,システム管理者,
愛知県,西尾市,4,POINT(137.10089545912 34.8564359306892),西尾市室町中屋敷,,#style3,,,システム管理者,2015/01/26 16:32:47,システム管理者,
愛知県,幡豆町,1,POINT(137.137005922125 34.7992499765972),あじさいライン,,#style1,,,システム管理者,2015/01/26 16:32:59,システム管理者,
愛知県,幡豆町,2,POINT(137.120603557435 34.7960986264978),見影山（弘法山）,,#style4,,,システム管理者,2015/01/26 16:32:59,システム管理者,
愛知県,幡豆町,3,POINT(137.1473105217 34.8046069796678),三ケ根山,,#style5,,,システム管理者,2015/01/26 16:32:59,システム管理者,
愛知県,幡豆町,4,POINT(137.101147875131 34.8001104135555),鳥羽神明社,,#style3,,,システム管理者,2015/01/26 16:32:59,システム管理者,
愛知県,幡豆町,5,POINT(137.122417672351 34.7960902845072),ユリノキ並木道（幡豆町西幡豆）,,#style2,,,システム管理者,2015/01/26 16:32:59,システム管理者,
愛知県,美浜町,1,POINT(136.844440163974 34.7577546247096),野間灯台,,#style2,,,システム管理者,2015/01/26 16:32:58,システム管理者,
愛知県,美浜町,2,POINT(136.886903104568 34.8018258637022),鵜の山ウ繁殖地,,#style3,,,システム管理者,2015/01/26 16:32:58,システム管理者,
愛知県,美浜町,3,POINT(136.91155871211 34.7735728800549),美浜町河和,,#style1,,,システム管理者,2015/01/26 16:32:58,システム管理者,
愛知県,稲沢市,1,POINT(136.702761267138 35.263116580608),ワイルドネイチャープラザ,,#style11,,,システム管理者,2015/01/26 16:32:49,システム管理者,
愛知県,稲沢市,2,POINT(136.791216176784 35.253056953429),稲沢市民俗資料収蔵庫,,#style6,,,システム管理者,2015/01/26 16:32:49,システム管理者,
愛知県,稲沢市,3,POINT(136.790766413509 35.2528842856034),美濃路（稲葉宿）,,#style7,,,システム管理者,2015/01/26 16:32:49,システム管理者,
愛知県,稲沢市,4,POINT(136.793812127644 35.252515107608),美濃路（小沢町）,,#style22,,,システム管理者,2015/01/26 16:32:49,システム管理者,
愛知県,稲沢市,5,POINT(136.805203165748 35.2560652437368),国府宮神社（尾張大国霊神社）,,#style28,,,システム管理者,2015/01/26 16:32:49,システム管理者,
愛知県,稲沢市,6,POINT(136.788363603352 35.2567890000004),禅源寺,,#style15,,,システム管理者,2015/01/26 16:32:49,システム管理者,
愛知県,稲沢市,7,POINT(136.784943633308 35.2549032881751),美濃路（丸いポストと旧家）,,#style33,,,システム管理者,2015/01/26 16:32:49,システム管理者,
愛知県,稲沢市,8,POINT(136.801435896342 35.2555761744882),赤染衛門歌碑公園,,#style5,,,システム管理者,2015/01/26 16:32:49,システム管理者,
愛知県,稲沢市,9,POINT(136.771805542951 35.2447290676265),安楽寺,,#style17,,,システム管理者,2015/01/26 16:32:49,システム管理者,
愛知県,稲沢市,10,POINT(136.787845574148 35.2476649139284),稲沢公園,,#style14,,,システム管理者,2015/01/26 16:32:49,システム管理者,
愛知県,稲沢市,11,POINT(136.789334310764 35.2465247484233),稲沢市荻須記念美術館,,#style13,,,システム管理者,2015/01/26 16:32:49,システム管理者,
愛知県,稲沢市,12,POINT(136.805691262257 35.2525601392141),大江橋,,#style18,,,システム管理者,2015/01/26 16:32:49,システム管理者,
愛知県,稲沢市,13,POINT(136.740220263201 35.2058603357153),稲沢市平和町嫁振北,,#style2,,,システム管理者,2015/01/26 16:32:49,システム管理者,
愛知県,稲沢市,14,POINT(136.73731550171 35.2464865968754),正琳寺,,#style26,,,システム管理者,2015/01/26 16:32:49,システム管理者,
愛知県,稲沢市,15,POINT(136.743809729252 35.1998783809743),勝幡城址,,#style9,,,システム管理者,2015/01/26 16:32:49,システム管理者,
愛知県,稲沢市,16,POINT(136.775465915098 35.2467421290456),稲沢市船橋町,,#style4,,,システム管理者,2015/01/26 16:32:49,システム管理者,
愛知県,稲沢市,17,POINT(136.68115712177 35.2385941809234),神明津の松並木,,#style24,,,システム管理者,2015/01/26 16:32:49,システム管理者,
愛知県,稲沢市,18,POINT(136.79348476049 35.2400202721249),性海寺,,#style34,,,システム管理者,2015/01/26 16:32:49,システム管理者,
愛知県,稲沢市,19,POINT(136.717984428805 35.2549259430604),善光寺東海別院,,#style19,,,システム管理者,2015/01/26 16:32:49,システム管理者,
愛知県,稲沢市,20,POINT(136.707400534106 35.2706882124986),祖父江ふれあいの郷,,#style8,,,システム管理者,2015/01/26 16:32:49,システム管理者,
愛知県,稲沢市,21,POINT(136.683543834026 35.2326182513637),地泉院,,#style12,,,システム管理者,2015/01/26 16:32:49,システム管理者,
愛知県,稲沢市,22,POINT(136.739857092032 35.2437642580788),布智神社,,#style32,,,システム管理者,2015/01/26 16:32:49,システム管理者,
愛知県,稲沢市,23,POINT(136.690347968712 35.2508089736163),馬飼大橋,,#style30,,,システム管理者,2015/01/26 16:32:49,システム管理者,
愛知県,稲沢市,24,POINT(136.816610166913 35.256134836685),萬徳寺,,#style29,,,システム管理者,2015/01/26 16:32:49,システム管理者,
愛知県,稲沢市,25,POINT(136.763077432449 35.2543095086056),明蔵寺,,#style20,,,システム管理者,2015/01/26 16:32:49,システム管理者,
愛知県,稲沢市,26,POINT(136.738175970906 35.2040502495265),賣夫神社,,#style31,,,システム管理者,2015/01/26 16:32:49,システム管理者,
愛知県,稲沢市,27,POINT(136.77225959645 35.2417287856939),矢合観音,,#style27,,,システム管理者,2015/01/26 16:32:49,システム管理者,
愛知県,稲沢市,28,POINT(136.773558826601 35.2411741256671),稲沢警察署 矢合駐在所,,#style16,,,システム管理者,2015/01/26 16:32:49,システム管理者,
愛知県,稲沢市,29,POINT(136.73682092495 35.2569143581982),祐専寺,,#style3,,,システム管理者,2015/01/26 16:32:49,システム管理者,
愛知県,稲沢市,30,POINT(136.713443754058 35.2552876209484),王子板紙,,#style25,,,システム管理者,2015/01/26 16:32:49,システム管理者,
愛知県,稲沢市,31,POINT(136.770945214019 35.2295641877368),愛知県植木センター,,#style10,,,システム管理者,2015/01/26 16:32:49,システム管理者,
愛知県,稲沢市,32,POINT(136.769726388284 35.2407109021018),円光寺,,#style21,,,システム管理者,2015/01/26 16:32:49,システム管理者,
愛知県,稲沢市,33,POINT(136.831375407299 35.2333073202507),長光寺,,#style23,,,システム管理者,2015/01/26 16:32:49,システム管理者,
愛知県,稲沢市,34,POINT(136.792216021033 35.2530961085274),美濃路（稲葉）,,#style1,,,システム管理者,2015/01/26 16:32:49,システム管理者,
愛知県,幸田町,1,POINT(137.201692907259 34.8754160944565),大井池,,#style5,,,システム管理者,2015/01/26 16:32:59,システム管理者,
愛知県,幸田町,2,POINT(137.166415107357 34.8640713425858),幸田中央公園,,#style4,,,システム管理者,2015/01/26 16:32:59,システム管理者,
愛知県,幸田町,3,POINT(137.168624206796 34.8536230046711),幸田文化広場,,#style2,,,システム管理者,2015/01/26 16:32:59,システム管理者,
愛知県,幸田町,4,POINT(137.156876562727 34.8739062383711),こうた凧揚げまつり,,#style1,,,システム管理者,2015/01/26 16:32:59,システム管理者,
愛知県,幸田町,5,POINT(137.182083359543 34.8373410151978),本光寺,,#style3,,,システム管理者,2015/01/26 16:32:59,システム管理者,
愛知県,弥富市,1,POINT(136.718245124003 35.1035485009792),木曽川（弥富市中山町松山）,,#style1,,,システム管理者,2015/01/26 16:32:54,システム管理者,
愛知県,弥富市,2,POINT(136.721212306714 35.1045510331438),筏川桜緑地,,#style7,,,システム管理者,2015/01/26 16:32:54,システム管理者,
愛知県,弥富市,3,POINT(136.748028146345 35.0860316293852),金魚の養殖場（弥富市芝井）,,#style5,,,システム管理者,2015/01/26 16:32:54,システム管理者,
愛知県,弥富市,4,POINT(136.788590195621 35.1059517623234),善太川,,#style4,,,システム管理者,2015/01/26 16:32:54,システム管理者,
愛知県,弥富市,5,POINT(136.767689561148 35.0504092708053),鍋田干拓地,,#style3,,,システム管理者,2015/01/26 16:32:54,システム管理者,
愛知県,弥富市,6,POINT(136.79443614247 35.0240093437563),鍋田ふ頭コンテナターミナル,,#style6,,,システム管理者,2015/01/26 16:32:54,システム管理者,
愛知県,弥富市,7,POINT(136.722091201751 35.1043018536093),六門樋門,,#style2,,,システム管理者,2015/01/26 16:32:54,システム管理者,
愛知県,蒲郡市,1,POINT(137.235105571184 34.8158670601877),蒲郡プリンスホテル,,#style2,,,システム管理者,2015/01/26 16:32:47,システム管理者,
愛知県,蒲郡市,2,POINT(137.231767949346 34.8111991158119),竹島,,#style5,,,システム管理者,2015/01/26 16:32:47,システム管理者,
愛知県,蒲郡市,3,POINT(137.172897341605 34.8160303873168),補陀ヶ池,,#style8,,,システム管理者,2015/01/26 16:32:47,システム管理者,
愛知県,蒲郡市,4,POINT(137.258555396825 34.828292306659),蒲郡市豊岡町山林,,#style3,,,システム管理者,2015/01/26 16:32:47,システム管理者,
愛知県,蒲郡市,5,POINT(137.259145081493 34.8472413335134),五井山,,#style6,,,システム管理者,2015/01/26 16:32:47,システム管理者,
愛知県,蒲郡市,6,POINT(137.199203354584 34.8313066179624),蒲郡市西迫町平畑,,#style7,,,システム管理者,2015/01/26 16:32:47,システム管理者,
愛知県,蒲郡市,7,POINT(137.174728893341 34.7661319969428),西浦温泉海水浴場,,#style4,,,システム管理者,2015/01/26 16:32:47,システム管理者,
愛知県,蒲郡市,8,POINT(137.195406669453 34.8228875708916),蒲郡市拾石町野田（拾石川）,,#style1,,,システム管理者,2015/01/26 16:32:47,システム管理者,
愛知県,半田市,1,POINT(136.933872346081 34.8925609490651),蔵の味,,#style5,,,システム管理者,2015/01/26 16:32:45,システム管理者,
愛知県,半田市,2,POINT(136.934780655505 34.8924905661528),半田運河・蔵の街,,#style2,,,システム管理者,2015/01/26 16:32:45,システム管理者,
愛知県,半田市,3,POINT(136.97067149327 34.9184263751495),亀崎潮干祭,,#style11,,,システム管理者,2015/01/26 16:32:45,システム管理者,
愛知県,半田市,4,POINT(136.971241633083 34.9179945810577),亀崎町,,#style14,,,システム管理者,2015/01/26 16:32:45,システム管理者,
愛知県,半田市,5,POINT(136.928419456972 34.9016013058042),半田赤レンガ建物(旧カブトビール工場),,#style9,,,システム管理者,2015/01/26 16:32:45,システム管理者,
愛知県,半田市,6,POINT(136.927198003029 34.8964243764617),旧中埜家住宅（T's CAFE）,,#style12,,,システム管理者,2015/01/26 16:32:45,システム管理者,
愛知県,半田市,7,POINT(136.929730800229 34.8983945796615),旧新美眼科診療所,,#style10,,,システム管理者,2015/01/26 16:32:45,システム管理者,
愛知県,半田市,8,POINT(136.928711235522 34.899077717335),紺屋海道,,#style4,,,システム管理者,2015/01/26 16:32:45,システム管理者,
愛知県,半田市,9,POINT(136.876268413014 34.8985129969474),棚田（十三塚町）,,#style6,,,システム管理者,2015/01/26 16:32:45,システム管理者,
愛知県,半田市,10,POINT(136.911452519103 34.9107349613504),矢勝川堤（彼岸花）,,#style3,,,システム管理者,2015/01/26 16:32:45,システム管理者,
愛知県,半田市,11,POINT(136.912294889248 34.8859819318221),成石神社,,#style7,,,システム管理者,2015/01/26 16:32:45,システム管理者,
愛知県,半田市,12,POINT(136.89912901764 34.911078065973),南吉の養家,,#style13,,,システム管理者,2015/01/26 16:32:45,システム管理者,
愛知県,半田市,13,POINT(136.911074248283 34.9092016438078),新美南吉記念館,,#style1,,,システム管理者,2015/01/26 16:32:45,システム管理者,
愛知県,半田市,14,POINT(136.940029606257 34.8935011161627),はんだ山車まつり,,#style8,,,システム管理者,2015/01/26 16:32:45,システム管理者,
愛知県,豊根村,1,POINT(137.717456844169 35.1466482114439),豊根村下黒川,,#style5,,,システム管理者,2015/01/26 16:33:00,システム管理者,
愛知県,豊根村,2,POINT(137.700177704877 35.1442465665944),熊谷家,,#style3,,,システム管理者,2015/01/26 16:33:00,システム管理者,
愛知県,豊根村,3,POINT(137.656615135375 35.2203313846103),茶臼山,,#style1,,,システム管理者,2015/01/26 16:33:00,システム管理者,
愛知県,豊根村,4,POINT(137.806836152233 35.1508873999944),豊根村富山大尾,,#style4,,,システム管理者,2015/01/26 16:33:00,システム管理者,
愛知県,豊根村,5,POINT(137.752049075496 35.1358490805499),みどり湖（新豊根ダム）,,#style2,,,システム管理者,2015/01/26 16:33:00,システム管理者,
愛知県,長久手町,1,POINT(137.047943736617 35.1734520344427),古戦場公園,,#style4,,,システム管理者,2015/01/26 16:32:55,システム管理者,
愛知県,長久手町,2,POINT(137.037784420988 35.18299698208),文化の家,,#style3,,,システム管理者,2015/01/26 16:32:55,システム管理者,
愛知県,長久手町,3,POINT(137.039598389977 35.181529542203),桧ケ根公園,,#style5,,,システム管理者,2015/01/26 16:32:55,システム管理者,
愛知県,長久手町,4,POINT(137.070618869158 35.1791602660142),香流川緑道,,#style1,,,システム管理者,2015/01/26 16:32:55,システム管理者,
愛知県,長久手町,5,POINT(137.041916218245 35.1736172518844),せせらぎの径,,#style2,,,システム管理者,2015/01/26 16:32:55,システム管理者,
愛知県,長久手町,6,POINT(137.070621704255 35.1860833734215),長久手町熊張,,#style7,,,システム管理者,2015/01/26 16:32:55,システム管理者,
愛知県,長久手町,7,POINT(137.035278730223 35.17758561414),はなみずき通駅,,#style6,,,システム管理者,2015/01/26 16:32:55,システム管理者,
愛知県,日進市,1,POINT(137.042222121903 35.145771803533),岩崎城跡公園,,#style2,,,システム管理者,2015/01/26 16:32:52,システム管理者,
愛知県,日進市,2,POINT(137.04597682568 35.1449011935995),岩崎川（岩崎橋）,,#style3,,,システム管理者,2015/01/26 16:32:52,システム管理者,
愛知県,豊川市,1,POINT(137.318863645968 34.8423041775703),旧御油橋,,#style7,,,システム管理者,2015/01/26 16:32:45,システム管理者,
愛知県,豊川市,2,POINT(137.31186321091 34.84095147596),東三河ふるさと公園,,#style9,,,システム管理者,2015/01/26 16:32:45,システム管理者,
愛知県,豊川市,3,POINT(137.344861511936 34.8403126249423),三河国分尼寺跡史跡公園,,#style2,,,システム管理者,2015/01/26 16:32:45,システム管理者,
愛知県,豊川市,4,POINT(137.312504035977 34.8509122345933),御油の松並木,,#style6,,,システム管理者,2015/01/26 16:32:45,システム管理者,
愛知県,豊川市,5,POINT(137.316755190676 34.8011623818744),引馬神社,,#style4,,,システム管理者,2015/01/26 16:32:45,システム管理者,
愛知県,豊川市,6,POINT(137.385502036816 34.8313395239372),佐奈川　桜並木,,#style5,,,システム管理者,2015/01/26 16:32:45,システム管理者,
愛知県,豊川市,7,POINT(137.298249041598 34.8197186566357),萩原神社,,#style3,,,システム管理者,2015/01/26 16:32:45,システム管理者,
愛知県,豊川市,8,POINT(137.394699947606 34.8245884508593),豊川稲荷門前町,,#style8,,,システム管理者,2015/01/26 16:32:45,システム管理者,
愛知県,豊川市,9,POINT(137.290760427157 34.8485023257733),宮路山,,#style1,,,システム管理者,2015/01/26 16:32:45,システム管理者,
愛知県,豊川市,10,POINT(137.33454387879 34.793909095621),伊奈城址公園,,#style10,,,システム管理者,2015/01/26 16:32:45,システム管理者,
愛知県,知立市,1,POINT(137.038914231784 35.0008673700285),公園通,,#style4,,,システム管理者,2015/01/26 16:32:51,システム管理者,
愛知県,知立市,2,POINT(137.045002504047 34.995491829535),知立・弘法山遍照院,,#style1,,,システム管理者,2015/01/26 16:32:51,システム管理者,
愛知県,知立市,3,POINT(137.056736207047 35.0028590424345),東海道松並木,,#style2,,,システム管理者,2015/01/26 16:32:51,システム管理者,
愛知県,知立市,4,POINT(137.035251026805 34.9965544188232),野外彫刻プロムナード,,#style3,,,システム管理者,2015/01/26 16:32:51,システム管理者,
愛知県,阿久比町,1,POINT(136.917995307721 34.9329790779562),阿久比町卯坂,,#style1,,,システム管理者,2015/01/26 16:32:57,システム管理者,
